key,name_en,name_ar,toyota_group,fits_gxr,oem_number,alt_oem_numbers,supplier_note
AC_8712_blower_resistor,Blower resistor,مقاومة البلوور (رزستنس),8712 Heating & Air Conditioning - Heater Unit & Blower,yes,,,
AC_8712_clean_air_filter,Clean Air Filter Element (AC Cabin Filter),فلتر هواء المكيف (فلتر المقصورة),8712 Heating & Air Conditioning - Heater Unit & Blower,yes,,,
AC_8712_front_blower_motor,Front blower motor with fan,ماطور بلوور المكيف الأمامي,8712 Heating & Air Conditioning - Heater Unit & Blower,yes,,,
AC_8712_heater_radiator,Heater Radiator Unit (heater core),رديتر الهيتر (رديتر الدفاية),8712 Heating & Air Conditioning - Heater Unit & Blower,yes,,,
AC_8714_front_cooler_evaporator,Front cooler evaporator sub assembly,ثلاجة المكيف الأمامية (مبخر),8714 Heating & Air Conditioning - Cooler Unit,yes,,,
AC_8714_front_cooler_expansion_valve,Front cooler expansion valve,بلف ثلاجة المكيف الأمامية (صمام التمدد),8714 Heating & Air Conditioning - Cooler Unit,yes,,,
AC_8714_rear_blower_motor,Rear cooler blower motor with fan,ماطور بلوور المكيف الخلفي,8714 Heating & Air Conditioning - Cooler Unit,yes,,,
AC_8714_rear_cooler_evaporator,Rear cooler evaporator sub assembly,ثلاجة المكيف الخلفية (مبخر خلفي),8714 Heating & Air Conditioning - Cooler Unit,yes,,,
AC_8714_rear_cooler_expansion_valve,Rear cooler expansion valve,بلف ثلاجة المكيف الخلفية (صمام التمدد),8714 Heating & Air Conditioning - Cooler Unit,yes,,,
AC_8715_heater_control,"Heater control assembly (AC control panel), dial type",لوحة تحكم المكيف (مفاتيح المكيف),8715 Heating & Air Conditioning - Control & Air Duct,yes,,,
AC_8715_heater_control_knob,Heater control knob,زر لوحة المكيف (مقبض دوار),8715 Heating & Air Conditioning - Control & Air Duct,yes,,,
AC_8718_condenser,Cooler condenser assembly,مكثف المكيف (كوندنسر),8718 Heating & Air Conditioning - Cooler Piping,yes,,,
AC_8718_cooler_dryer_receiver,Cooler dryer receiver assembly,دراير المكيف (مجفف),8718 Heating & Air Conditioning - Cooler Piping,yes,,,
AC_8719_compressor,Cooler compressor assembly with pulley,كمبروسر المكيف (ضاغط),8719 Heating & Air Conditioning - Compressor,yes,,,
AC_8719_magnetic_clutch,Cooler compressor magnetic clutch assembly,كلتش كمبروسر المكيف (مغناطيسي),8719 Heating & Air Conditioning - Compressor,yes,,,
BODY_0000_body_shell,"Body Shell (cab with roof, pillars and quarter panels)",هيكل السيارة (البودي),0000,yes,,,
BODY_0000_fuel_filler_lid,Fuel Filler Lid (fuel door),غطاء فتحة البنزين الخارجي,0000,yes,,,
BODY_0000_hood_support_strut,Hood Support (gas strut),مساعد الكبوت الغازي,0000,no,,,
BODY_0000_mudguard_front_L,"Mudguard (mud flap), Front LH",واقي طين أمامي يسار (طرطوشة),0000,yes,,,
BODY_0000_mudguard_front_R,"Mudguard (mud flap), Front RH",واقي طين أمامي يمين (طرطوشة),0000,yes,,,
BODY_0000_mudguard_rear_L,"Mudguard (mud flap), Rear LH",واقي طين خلفي يسار (طرطوشة),0000,yes,,,
BODY_0000_mudguard_rear_R,"Mudguard (mud flap), Rear RH",واقي طين خلفي يمين (طرطوشة),0000,yes,,,
BODY_0000_side_step_L,"Side Step, LH (running board)",دعاسة جانبية يسار (عتبة الصعود),0000,yes,,,
BODY_0000_side_step_R,"Side Step, RH (running board)",دعاسة جانبية يمين (عتبة الصعود),0000,yes,,,
BODY_5252_front_bumper,Front Bumper Cover,صدام أمامي,5252 Front Bumper & Bumper Stay,yes,,,
BODY_5252_front_bumper_hole_cover_L,"Cover, Front Bumper Hole LH (fog lamp blank)",غطاء فتحة الكشاف في الصدام الأمامي يسار,5252 Front Bumper & Bumper Stay,yes,,,
BODY_5252_front_bumper_hole_cover_R,"Cover, Front Bumper Hole RH (fog lamp blank)",غطاء فتحة الكشاف في الصدام الأمامي يمين,5252 Front Bumper & Bumper Stay,yes,,,
BODY_5253_rear_bumper,Rear Bumper Cover,صدام خلفي,5253 Rear Bumper & Bumper Stay,yes,,,
BODY_5351_radiator_grille,Radiator Grille,شبك الرديتر الأمامي (جريل),5351 Radiator Grille,yes,,,
BODY_5353_front_fender_L,"Front Fender, LH",رفرف أمامي يسار,5353 Hood & Front Fender,yes,,,
BODY_5353_front_fender_R,"Front Fender, RH",رفرف أمامي يمين,5353 Hood & Front Fender,yes,,,
BODY_5353_hood,Hood (bonnet),كبوت (غطاء المحرك),5353 Hood & Front Fender,yes,,,
BODY_5354_hood_torsion_bar,Hood Support Torsion Bar (hinge spring),ياي رفع الكبوت (عمود التوائي عند المفصلة),5354 Hood Lock & Hinge,yes,,,
BODY_6153_roof_rail_L,"Roof Rail Assy, LH",قضيب السقف يسار (ريل السقف),6153 Roof Panel & Back Panel,yes,,,
BODY_6153_roof_rail_R,"Roof Rail Assy, RH",قضيب السقف يمين (ريل السقف),6153 Roof Panel & Back Panel,yes,,,
BODY_8701_outer_mirror_L,"Outer Rear View Mirror Assy, LH",مرآة جانبية خارجية يسار,8701 Mirror,yes,,,
BODY_8701_outer_mirror_R,"Outer Rear View Mirror Assy, RH",مرآة جانبية خارجية يمين,8701 Mirror,yes,,,
BODY_8701_outer_mirror_glass_L,"Outer Mirror Glass, LH (with backing plate)",زجاج المرآة الجانبية يسار,8701 Mirror,yes,,,
BODY_8701_outer_mirror_glass_R,"Outer Mirror Glass, RH (with backing plate)",زجاج المرآة الجانبية يمين,8701 Mirror,yes,,,
BRAKE_4102_rear_brake_disc,"Rear brake disc (rotor), ventilated",قرص فرامل خلفي (ديسك),4102 Rear Axle Shaft & Hub,yes,,,
BRAKE_4303_front_brake_disc,"Front brake disc (rotor), ventilated",قرص فرامل أمامي (ديسك),4303 Front Axle Hub,yes,,,
BRAKE_4601_parking_brake_shoe_set,"Parking Brake Shoe Set (rear, drum in disc)",قماش الهاند بريك (فحمات فرامل اليد),4601 Parking Brake & Cable,yes,,,
BRAKE_4702_brake_master_cylinder,Brake master cylinder assembly,الأسطوانة الرئيسية للفرامل (ماستر بريك),4702 Brake Master Cylinder,yes,,,
BRAKE_4703_brake_booster,Brake booster assembly,معزز الفرامل (بوستر بريك),4703 Brake Booster & Vacuum Tube,yes,,,
BRAKE_4705_front_brake_caliper_L,"Front disc brake caliper assembly, LH",كاليبر فرامل أمامي يسار,4705 Front Disc Brake Caliper & Dust Cover,yes,,,
BRAKE_4705_front_brake_caliper_R,"Front disc brake caliper assembly, RH",كاليبر فرامل أمامي يمين,4705 Front Disc Brake Caliper & Dust Cover,yes,,,
BRAKE_4705_front_disc_brake_pad_kit,Front disc brake pad kit,فحمات فرامل أمامية,4705 Front Disc Brake Caliper & Dust Cover,yes,,,
BRAKE_4707_rear_brake_caliper_L,"Rear disc brake caliper assembly, LH",كاليبر فرامل خلفي يسار,4707 Rear Disc Brake Caliper & Dust Cover,yes,,,
BRAKE_4707_rear_brake_caliper_R,"Rear disc brake caliper assembly, RH",كاليبر فرامل خلفي يمين,4707 Rear Disc Brake Caliper & Dust Cover,yes,,,
BRAKE_4707_rear_disc_brake_pad_kit,Rear disc brake pad kit,فحمات فرامل خلفية,4707 Rear Disc Brake Caliper & Dust Cover,yes,,,
BRAKE_4708_front_brake_hose_L,"Front brake flexible hose, LH",خرطوم فرامل أمامي يسار (لي بريك),4708 Brake Tube & Clamp,yes,,,
BRAKE_4708_front_brake_hose_R,"Front brake flexible hose, RH",خرطوم فرامل أمامي يمين (لي بريك),4708 Brake Tube & Clamp,yes,,,
BRAKE_4708_rear_brake_hose,Rear brake flexible hose (body to axle),خرطوم فرامل خلفي (لي بريك),4708 Brake Tube & Clamp,yes,,,
BRAKE_8414_front_abs_speed_sensor_L,"Front wheel speed sensor (ABS), LH",حساس سرعة العجلة ABS أمامي يسار,8414 Abs & Vsc,yes,,,
BRAKE_8414_front_abs_speed_sensor_R,"Front wheel speed sensor (ABS), RH",حساس سرعة العجلة ABS أمامي يمين,8414 Abs & Vsc,yes,,,
BRAKE_8414_rear_abs_speed_sensor_L,"Rear wheel speed sensor (ABS), LH",حساس سرعة العجلة ABS خلفي يسار,8414 Abs & Vsc,yes,,,
BRAKE_8414_rear_abs_speed_sensor_R,"Rear wheel speed sensor (ABS), RH",حساس سرعة العجلة ABS خلفي يمين,8414 Abs & Vsc,yes,,,
COOL_1601_fan,Fan (Cooling Fan Blade),ريشة المروحة,1601 Water Pump,yes,,,
COOL_1601_fluid_coupling,Fluid Coupling Assy (Fan Clutch),كلتش المروحة,1601 Water Pump,yes,,,
COOL_1601_thermostat,Thermostat,ثرموستات,1601 Water Pump,yes,,,
COOL_1601_water_pump,Water Pump Assy,مضخة الماء,1601 Water Pump,yes,,,
COOL_1603_radiator,Radiator Assy,رديتر,1603 Radiator & Water Outlet,yes,,,
COOL_1603_radiator_cap,Radiator Cap,غطاء الرديتر,1603 Radiator & Water Outlet,yes,,,
COOL_1603_radiator_hose_lower,Radiator Hose (Lower),خرطوم الرديتر السفلي,1603 Radiator & Water Outlet,yes,,,
COOL_1603_radiator_hose_upper,Radiator Hose (Upper),خرطوم الرديتر العلوي,1603 Radiator & Water Outlet,yes,,,
COOL_1603_radiator_reserve_tank,Radiator Reserve Tank (Coolant Reservoir),خزان الرديتر الاحتياطي,1603 Radiator & Water Outlet,yes,,,
COOL_1605_v_ribbed_belt_fan_alternator,V Ribbed Belt (Fan and Alternator),سير المروحة والدينمو,1605 V-Belt,yes,,,
COOL_1605_v_ribbed_belt_power_steering_ac,V Ribbed Belt (Power Steering and AC Compressor),سير الدركسون والمكيف,1605 V-Belt,yes,,,
DOOR_6751_front_door_L,"Front Door Panel, LH (driver door shell)",باب أمامي يسار (باب السائق),6751 Front Door Panel & Glass,yes,,,
DOOR_6751_front_door_R,"Front Door Panel, RH (passenger door shell)",باب أمامي يمين (باب الراكب),6751 Front Door Panel & Glass,yes,,,
DOOR_6753_front_door_inside_handle_L,"Front Door Inside Handle, LH",مقبض الباب الأمامي الداخلي يسار,6753 Front Door Lock & Handle,yes,,,
DOOR_6753_front_door_inside_handle_R,"Front Door Inside Handle, RH",مقبض الباب الأمامي الداخلي يمين,6753 Front Door Lock & Handle,yes,,,
DOOR_6753_front_door_lock_L,"Front Door Lock Assy with Motor, LH (door lock actuator)",قفل الباب الأمامي يسار مع المحرك (مشغل القفل المركزي),6753 Front Door Lock & Handle,yes,,,
DOOR_6753_front_door_lock_R,"Front Door Lock Assy with Motor, RH (door lock actuator)",قفل الباب الأمامي يمين مع المحرك (مشغل القفل المركزي),6753 Front Door Lock & Handle,yes,,,
DOOR_6753_front_door_outside_handle_L,"Front Door Outside Handle, LH",مقبض الباب الأمامي الخارجي يسار (مسكة),6753 Front Door Lock & Handle,yes,,,
DOOR_6753_front_door_outside_handle_R,"Front Door Outside Handle, RH",مقبض الباب الأمامي الخارجي يمين (مسكة),6753 Front Door Lock & Handle,yes,,,
DOOR_6754_front_door_window_regulator_L,"Front Door Window Regulator, LH",رافعة زجاج الباب الأمامي يسار,6754 Front Door Window Regulator & Hinge,yes,,,
DOOR_6754_front_door_window_regulator_R,"Front Door Window Regulator, RH",رافعة زجاج الباب الأمامي يمين,6754 Front Door Window Regulator & Hinge,yes,,,
DOOR_6755_rear_door_L,"Rear Door Panel, LH (rear side door shell)",باب خلفي جانبي يسار,6755 Rear Door Panel & Glass,yes,,,
DOOR_6755_rear_door_R,"Rear Door Panel, RH (rear side door shell)",باب خلفي جانبي يمين,6755 Rear Door Panel & Glass,yes,,,
DOOR_6756_rear_door_inside_handle_L,"Rear Door Inside Handle, LH",مقبض الباب الخلفي الداخلي يسار,6756 Rear Door Lock & Handle,yes,,,
DOOR_6756_rear_door_inside_handle_R,"Rear Door Inside Handle, RH",مقبض الباب الخلفي الداخلي يمين,6756 Rear Door Lock & Handle,yes,,,
DOOR_6756_rear_door_lock_L,"Rear Door Lock Assy with Motor, LH (door lock actuator)",قفل الباب الخلفي يسار مع المحرك (مشغل القفل المركزي),6756 Rear Door Lock & Handle,yes,,,
DOOR_6756_rear_door_lock_R,"Rear Door Lock Assy with Motor, RH (door lock actuator)",قفل الباب الخلفي يمين مع المحرك (مشغل القفل المركزي),6756 Rear Door Lock & Handle,yes,,,
DOOR_6756_rear_door_outside_handle_L,"Rear Door Outside Handle, LH",مقبض الباب الخلفي الخارجي يسار (مسكة),6756 Rear Door Lock & Handle,yes,,,
DOOR_6756_rear_door_outside_handle_R,"Rear Door Outside Handle, RH",مقبض الباب الخلفي الخارجي يمين (مسكة),6756 Rear Door Lock & Handle,yes,,,
DOOR_6757_rear_door_window_regulator_L,"Rear Door Window Regulator, LH",رافعة زجاج الباب الخلفي يسار,6757 Rear Door Window Regulator & Hinge,yes,,,
DOOR_6757_rear_door_window_regulator_R,"Rear Door Window Regulator, RH",رافعة زجاج الباب الخلفي يمين,6757 Rear Door Window Regulator & Hinge,yes,,,
DOOR_6761_back_door_L,"Back Door Panel, LH (barn door)",باب الدبة الخلفي يسار (باب مزدوج),6761 Back Door Panel & Glass,yes,,,
DOOR_6761_back_door_R,"Back Door Panel, RH (barn door)",باب الدبة الخلفي يمين (باب مزدوج),6761 Back Door Panel & Glass,yes,,,
DOOR_6762_back_door_check_L,"Back Door Check Assy, LH (barn door stopper)",ستوبر الباب الخلفي يسار (مقيد الفتح),6762 Back Door Lock & Hinge,yes,,,
DOOR_6762_back_door_check_R,"Back Door Check Assy, RH (barn door stopper)",ستوبر الباب الخلفي يمين (مقيد الفتح),6762 Back Door Lock & Hinge,yes,,,
DOOR_6762_back_door_lock,Back Door Lock Assy with Motor,قفل الباب الخلفي مع المحرك,6762 Back Door Lock & Hinge,yes,,,
DOOR_6762_back_door_outside_handle,Back Door Outside Handle,مقبض الباب الخلفي الخارجي (مسكة الدبة),6762 Back Door Lock & Hinge,yes,,,
DOOR_6762_back_door_stay_L,"Back Door Stay Assy (gas strut), LH",مساعد الباب الخلفي الغازي يسار,6762 Back Door Lock & Hinge,yes,,,
DOOR_6762_back_door_stay_R,"Back Door Stay Assy (gas strut), RH",مساعد الباب الخلفي الغازي يمين,6762 Back Door Lock & Hinge,yes,,,
DOOR_8511_front_door_power_window_motor_L,"Power Window Regulator Motor, Front LH",محرك رافعة زجاج الباب الأمامي يسار (ماطور قزاز),8511 Door Motor & Door Solenoid,yes,,,
DOOR_8511_front_door_power_window_motor_R,"Power Window Regulator Motor, Front RH",محرك رافعة زجاج الباب الأمامي يمين (ماطور قزاز),8511 Door Motor & Door Solenoid,yes,,,
DOOR_8511_rear_door_power_window_motor_L,"Power Window Regulator Motor, Rear LH",محرك رافعة زجاج الباب الخلفي يسار (ماطور قزاز),8511 Door Motor & Door Solenoid,yes,,,
DOOR_8511_rear_door_power_window_motor_R,"Power Window Regulator Motor, Rear RH",محرك رافعة زجاج الباب الخلفي يمين (ماطور قزاز),8511 Door Motor & Door Solenoid,yes,,,
DRIVE_3701_front_propeller_shaft,Front Propeller Shaft Assy,عمود الكردان الأمامي,3701 Propeller Shaft & Universal Joint,yes,,,
DRIVE_3701_front_propeller_shaft_universal_joint,"Universal Joint Spider Assy, Front Propeller Shaft",صليبة كردان أمامي,3701 Propeller Shaft & Universal Joint,yes,,,
DRIVE_3701_rear_propeller_shaft,Rear Propeller Shaft Assy,عمود الكردان الخلفي,3701 Propeller Shaft & Universal Joint,yes,,,
DRIVE_3701_rear_propeller_shaft_universal_joint,"Universal Joint Spider Assy, Rear Propeller Shaft",صليبة كردان خلفي,3701 Propeller Shaft & Universal Joint,yes,,,
DRIVE_4101_rear_differential_carrier,Rear Differential Carrier Assy,دفرنس خلفي كامل,4101 Rear Axle Housing & Differential,yes,,,
DRIVE_4101_rear_differential_pinion_oil_seal,Rear Differential Drive Pinion Oil Seal,صوفة رأس الدفرنس الخلفي (صوفة البنيون),4101 Rear Axle Housing & Differential,yes,,,
DRIVE_4102_rear_axle_shaft_bearing_L,"Rear Axle Shaft Bearing, LH",رمان بلي عكس خلفي يسار,4102 Rear Axle Shaft & Hub,yes,,,
DRIVE_4102_rear_axle_shaft_bearing_R,"Rear Axle Shaft Bearing, RH",رمان بلي عكس خلفي يمين,4102 Rear Axle Shaft & Hub,yes,,,
DRIVE_4102_rear_axle_shaft_oil_seal_L,"Rear Axle Shaft Oil Seal, LH",صوفة عكس خلفي يسار,4102 Rear Axle Shaft & Hub,yes,,,
DRIVE_4102_rear_axle_shaft_oil_seal_R,"Rear Axle Shaft Oil Seal, RH",صوفة عكس خلفي يمين,4102 Rear Axle Shaft & Hub,yes,,,
DRIVE_4301_front_differential_carrier,Front Differential Carrier Assy,دفرنس أمامي كامل,4301 Front Axle Housing & Differential,yes,,,
DRIVE_4301_front_differential_pinion_oil_seal,Front Differential Drive Pinion Oil Seal,صوفة رأس الدفرنس الأمامي (صوفة البنيون),4301 Front Axle Housing & Differential,yes,,,
DRIVE_4301_front_differential_side_oil_seal_L,"Front Differential Side Oil Seal, LH",صوفة جنب الدفرنس الأمامي يسار,4301 Front Axle Housing & Differential,yes,,,
DRIVE_4301_front_differential_side_oil_seal_R,"Front Differential Side Oil Seal, RH",صوفة جنب الدفرنس الأمامي يمين,4301 Front Axle Housing & Differential,yes,,,
DRIVE_4302_front_drive_shaft_L,"Front Drive Shaft Assy, LH",عكس أمامي كامل يسار,4302 Front Drive Shaft,yes,,,
DRIVE_4302_front_drive_shaft_R,"Front Drive Shaft Assy, RH",عكس أمامي كامل يمين,4302 Front Drive Shaft,yes,,,
DRIVE_4302_front_drive_shaft_inboard_boot_kit_L,"Front Drive Shaft Inboard Boot Kit, LH",جلدة عكس داخلية أمامية يسار مع الأطواق والشحم,4302 Front Drive Shaft,yes,,,
DRIVE_4302_front_drive_shaft_inboard_boot_kit_R,"Front Drive Shaft Inboard Boot Kit, RH",جلدة عكس داخلية أمامية يمين مع الأطواق والشحم,4302 Front Drive Shaft,yes,,,
DRIVE_4302_front_drive_shaft_inboard_joint_L,"Front Drive Shaft Inboard Joint (Inner CV Joint), LH",رأس عكس داخلي أمامي يسار,4302 Front Drive Shaft,yes,,,
DRIVE_4302_front_drive_shaft_inboard_joint_R,"Front Drive Shaft Inboard Joint (Inner CV Joint), RH",رأس عكس داخلي أمامي يمين,4302 Front Drive Shaft,yes,,,
DRIVE_4302_front_drive_shaft_outboard_boot_kit_L,"Front Drive Shaft Outboard Boot Kit, LH",جلدة عكس خارجية أمامية يسار مع الأطواق والشحم,4302 Front Drive Shaft,yes,,,
DRIVE_4302_front_drive_shaft_outboard_boot_kit_R,"Front Drive Shaft Outboard Boot Kit, RH",جلدة عكس خارجية أمامية يمين مع الأطواق والشحم,4302 Front Drive Shaft,yes,,,
DRIVE_4302_front_drive_shaft_outboard_joint_L,"Front Drive Shaft Outboard Joint (Outer CV Joint), LH",رأس عكس خارجي أمامي يسار,4302 Front Drive Shaft,yes,,,
DRIVE_4302_front_drive_shaft_outboard_joint_R,"Front Drive Shaft Outboard Joint (Outer CV Joint), RH",رأس عكس خارجي أمامي يمين,4302 Front Drive Shaft,yes,,,
DRIVE_4303_front_axle_hub_bearing_L,"Front Axle Hub Bearing (Front Wheel Bearing), LH",رمان بلي صرة أمامي يسار,4303 Front Axle Hub,yes,,,
DRIVE_4303_front_axle_hub_bearing_R,"Front Axle Hub Bearing (Front Wheel Bearing), RH",رمان بلي صرة أمامي يمين,4303 Front Axle Hub,yes,,,
DRIVE_4303_front_axle_hub_oil_seal_L,"Front Axle Hub Oil Seal, LH",صوفة صرة أمامية يسار,4303 Front Axle Hub,yes,,,
DRIVE_4303_front_axle_hub_oil_seal_R,"Front Axle Hub Oil Seal, RH",صوفة صرة أمامية يمين,4303 Front Axle Hub,yes,,,
ELEC_6765_ignition_switch_lock_cylinder,Ignition switch lock cylinder with keys,سلندر سويتش التشغيل مع المفاتيح,6765 Lock Cylinder Set,yes,,,
ELEC_7454_battery_hold_down_clamp,Battery hold down clamp,ماسك البطارية,7454 Battery Carrier,yes,,,
ELEC_8201_battery,Battery,بطارية,8201 Battery & Battery Cable,yes,,,
ELEC_8201_battery_terminal_negative,Battery negative terminal with ground cable,طرف البطارية السالب مع سلك الأرضي,8201 Battery & Battery Cable,yes,,,
ELEC_8201_battery_terminal_positive,Battery positive terminal,طرف البطارية الموجب,8201 Battery & Battery Cable,yes,,,
ELEC_8202_engine_room_junction_block,Engine room junction block (fuse and relay box),علبة الفيوزات في غرفة المكينة,8202 Wiring & Clamp,yes,,,
ELEC_8202_kick_panel_junction_block_L,"Instrument panel junction block (cabin fuse box), left kick panel",علبة الفيوزات الداخلية جهة السائق,8202 Wiring & Clamp,yes,,,
ELEC_8202_kick_panel_junction_block_R,"Junction block (cabin fuse box), right kick panel",علبة الفيوزات الداخلية جهة الراكب,8202 Wiring & Clamp,yes,,,
ELEC_8401_headlamp_dimmer_switch,Headlamp Dimmer and Turn Signal Switch (light stalk),سويتش الليتات والإشارات (ذراع الإشارة),8401 Switch & Relay & Computer,yes,,,
ELEC_8401_headlamp_relay,Headlamp relay,ريليه الأنوار الأمامية,8401 Switch & Relay & Computer,yes,,,
ELEC_8401_ignition_switch,Ignition starter switch,سويتش التشغيل,8401 Switch & Relay & Computer,yes,,,
ELEC_8401_power_window_master_switch,Power Window Regulator Master Switch (driver door),سويتش القزاز الرئيسي (باب السائق),8401 Switch & Relay & Computer,yes,,,
ELEC_8401_windshield_wiper_switch,Windshield Wiper Switch (wiper stalk),سويتش المساحات (ذراع المساحات),8401 Switch & Relay & Computer,yes,,,
ELEC_8501_front_wiper_arm_L,"Windshield Wiper Arm, LH",ذراع مساحة الزجاج الأمامي يسار,8501 Windshield Wiper,yes,,,
ELEC_8501_front_wiper_arm_R,"Windshield Wiper Arm, RH",ذراع مساحة الزجاج الأمامي يمين,8501 Windshield Wiper,yes,,,
ELEC_8501_front_wiper_blade_L,"Windshield Wiper Blade, LH",مساحة الزجاج الأمامي يسار (الشفرة),8501 Windshield Wiper,yes,,,
ELEC_8501_front_wiper_blade_R,"Windshield Wiper Blade, RH",مساحة الزجاج الأمامي يمين (الشفرة),8501 Windshield Wiper,yes,,,
ELEC_8502_rear_wiper_arm_L,"Rear Wiper Arm, LH Back Door",ذراع مساحة الباب الخلفي يسار,8502 Rear Wiper,yes,,,
ELEC_8502_rear_wiper_arm_R,"Rear Wiper Arm, RH Back Door",ذراع مساحة الباب الخلفي يمين,8502 Rear Wiper,yes,,,
ELEC_8502_rear_wiper_blade_L,"Rear Wiper Blade, LH Back Door",مساحة الباب الخلفي يسار (الشفرة),8502 Rear Wiper,yes,,,
ELEC_8502_rear_wiper_blade_R,"Rear Wiper Blade, RH Back Door",مساحة الباب الخلفي يمين (الشفرة),8502 Rear Wiper,yes,,,
ELEC_8503_windshield_washer_pump,Windshield Washer Motor and Pump Assy,مضخة ماء غسيل الزجاج (موتور الرشاش),8503 Windshield Washer,yes,,,
ELEC_8611_horn_high_pitched,"Horn, high pitched",هرن صوت حاد,8611 Horn,yes,,,
ELEC_8611_horn_low_pitched,"Horn, low pitched",هرن صوت غليظ,8611 Horn,yes,,,
ENG_0000_camshaft_oil_seal,Camshaft oil seal,صوفة عمود الكامات,0000,no,,,
ENG_0000_distributor_cap,Distributor cap,غطاء الموزع (غطاء ديلكو),0000,no,,,
ENG_0000_distributor_rotor,Distributor rotor,دوار الموزع (روتر ديلكو),0000,no,,,
ENG_0000_fuel_pump,"Fuel Pump Assy (in tank, electric)",طرمبة البنزين (مضخة الوقود),0000,yes,,,
ENG_0000_intake_air_flow_meter,Intake air flow meter (MAF sensor),حساس تدفق الهواء (حساس الهوا),0000,no,,,
ENG_1101_partial_engine_assembly,Partial Engine Assy (1FZ-FE),مكينة كاملة 1FZ-FE,1101 Partial Engine Assembly,yes,,,
ENG_1103_engine_overhaul_gasket_kit,Engine Overhaul Gasket Kit,طقم وجوه المكينة الكامل,1103 Engine Overhaul Gasket Kit,yes,,,
ENG_1104_cylinder_head_cover_gasket,Cylinder head cover gasket (valve cover gasket),وجه غطاء البلوف (غطاء رأس السلندر),1104 Cylinder Head,yes,,,
ENG_1104_cylinder_head_gasket,Cylinder Head Gasket,وجه راس المكينة (جوان السلندر),1104 Cylinder Head,yes,,,
ENG_1104_spark_plug_tube_gasket,Spark plug tube gasket,صوفة أنبوب البواجي,1104 Cylinder Head,yes,,,
ENG_1105_crankshaft_rear_oil_seal,Crankshaft rear oil seal (engine rear oil seal),صوفة الكرنك الخلفية,1105 Cylinder Block,yes,,,
ENG_1105_oil_pan_gasket,Oil pan gasket (seal),وجه كرتير الزيت,1105 Cylinder Block,yes,,,
ENG_1106_crankshaft_front_oil_seal,Crankshaft front oil seal (timing gear cover oil seal),صوفة الكرنك الأمامية,1106 Timing Gear Cover & Rear End Plate,yes,,,
ENG_1107_front_engine_mount_L,"Engine mount insulator, front left",كرسي مكينة أمامي يسار,1107 Mounting,yes,,,
ENG_1107_front_engine_mount_R,"Engine mount insulator, front right",كرسي مكينة أمامي يمين,1107 Mounting,yes,,,
ENG_1107_rear_engine_mount,"Engine mount insulator, rear (gearbox mount)",كرسي قير (كرسي مكينة خلفي),1107 Mounting,yes,,,
ENG_1201_pcv_valve,PCV valve (ventilation valve),بلف تهوية المكينة (بي سي في),1201 Ventilation Hose,yes,,,
ENG_1301_flywheel,Flywheel,الحدافة (فلايويل),1301 Crankshaft & Piston,yes,,,
ENG_1302_timing_chain,Timing chain,سلسلة التوقيت (كاتينة),1302 Camshaft & Valve,yes,,,
ENG_1302_timing_chain_tensioner,Timing chain tensioner,شداد سلسلة التوقيت (شداد الكاتينة),1302 Camshaft & Valve,yes,,,
ENG_1502_oil_filter,Oil Filter,فلتر زيت المحرك,1502 Oil Filter,yes,,,
ENG_1701_air_intake_chamber_gasket,Air intake chamber gasket (plenum gasket),وجه غرفة الهواء (البلينوم),1701 Manifold,yes,,,
ENG_1701_intake_manifold_gasket,Intake manifold to head gasket,وجه منفلد السحب (الإنتيك),1701 Manifold,yes,,,
ENG_1703_air_cleaner_filter_element,Air Cleaner Filter Element,فلتر هواء المحرك,1703 Air Cleaner,yes,,,
ENG_1901_igniter,Igniter assy,وحدة الإشعال (إقنايتر),1901 Ignition Coil & Spark Plug / Glow Plug,yes,,,
ENG_1901_ignition_coil,Ignition coil assy,ملف إشعال (كويل),1901 Ignition Coil & Spark Plug / Glow Plug,yes,,,
ENG_1901_spark_plug,Spark plug,شمعة إشعال (بلك),1901 Ignition Coil & Spark Plug / Glow Plug,yes,,,
ENG_1901_spark_plug_cord_set,"Cord set, coil and spark plug (high tension leads)",وايرات البلكات (أسلاك الضغط العالي),1901 Ignition Coil & Spark Plug / Glow Plug,yes,,,
ENG_1903_alternator,Alternator assembly,دينمو الشحن (مولد كهرباء),1903 Alternator,yes,,,
ENG_1903_alternator_voltage_regulator,Alternator voltage regulator (IC regulator),منظم جهد الدينمو (كتاوت),1903 Alternator,yes,,,
ENG_1904_starter,Starter assembly,سلف (محرك بدء التشغيل),1904 Starter,yes,,,
ENG_1904_starter_magnetic_switch,Starter magnetic switch (solenoid),أوتوماتيك السلف,1904 Starter,yes,,,
ENG_2211_fuel_injector,Fuel Injector Assy,بخاخ البنزين (انجكتر),2211 Fuel Injection System,yes,,,
ENG_2211_idle_speed_control_valve,Idle speed control valve (IAC valve),بلف السلنسر (صمام التحكم بالسرعة الخاملة),2211 Fuel Injection System,yes,,,
ENG_2211_throttle_body,Throttle body assembly,بوابة الهواء (ثروتل بودي),2211 Fuel Injection System,yes,,,
ENG_7751_fuel_filter,Fuel Filter,فلتر البنزين,7751 Fuel Tank & Tube,yes,,,
ENG_8404_knock_sensor_F,"Knock sensor, front",حساس النوك (الطرق) أمامي,8404 Electronic Fuel Injection System,yes,,,
ENG_8404_knock_sensor_RR,"Knock sensor, rear",حساس النوك (الطرق) خلفي,8404 Electronic Fuel Injection System,yes,,,
ENG_8404_manifold_absolute_pressure_sensor,Manifold absolute pressure sensor (vacuum sensor),حساس ضغط المنفلد (حساس الماب),8404 Electronic Fuel Injection System,yes,,,
ENG_8404_oxygen_sensor_downstream,"Oxygen sensor, downstream (after catalyst)",حساس الأكسجين الخلفي (بعد الكتلايزر),8404 Electronic Fuel Injection System,no,,,
ENG_8404_oxygen_sensor_upstream,"Oxygen sensor, upstream (before catalyst)",حساس الأكسجين الأمامي (قبل الكتلايزر),8404 Electronic Fuel Injection System,yes,,,
EXH_1701_exhaust_manifold,Exhaust Manifold,منفلد العادم (مشعب العادم),1701 Manifold,yes,,,
EXH_1701_exhaust_manifold_gasket,Exhaust manifold to head gasket,وجه منفلد العادم,1701 Manifold,yes,,,
EXH_1702_catalytic_converter,Exhaust Catalytic Converter,محول حفاز للعادم (كتلايزر),1702 Exhaust Pipe,yes,,,
EXH_1702_center_exhaust_pipe,Center Exhaust Pipe Assembly with Center Muffler,ماسورة العادم الوسطى مع كاتم الصوت (سلنسر وسط),1702 Exhaust Pipe,yes,,,
EXH_1702_exhaust_pipe_support,Exhaust Pipe Support (Rubber Hanger),مطاط تعليق العادم (جلدة اكزوز),1702 Exhaust Pipe,yes,,,
EXH_1702_front_exhaust_pipe,Front Exhaust Pipe Assembly,ماسورة العادم الأمامية,1702 Exhaust Pipe,yes,,,
EXH_1702_tail_exhaust_pipe,Tail Exhaust Pipe Assembly with Rear Muffler,ماسورة العادم الخلفية مع كاتم الصوت (سلنسر خلفي),1702 Exhaust Pipe,yes,,,
GLASS_5553_windshield_glass,Windshield Glass (front windscreen),زجاج أمامي (جامة قدام),5553 Cowl Panel & Windshield Glass,yes,,,
GLASS_6152_quarter_window_glass_L,"Quarter Window Glass, LH (rear side window behind the rear door)",زجاج جانبي خلفي يسار (زجاج الربع),6152 Side Window,yes,,,
GLASS_6152_quarter_window_glass_R,"Quarter Window Glass, RH (rear side window behind the rear door)",زجاج جانبي خلفي يمين (زجاج الربع),6152 Side Window,yes,,,
GLASS_6761_back_door_glass_L,"Back Door Glass, LH (barn door)",زجاج باب الدبة يسار,6761 Back Door Panel & Glass,yes,,,
GLASS_6761_back_door_glass_R,"Back Door Glass, RH (barn door)",زجاج باب الدبة يمين,6761 Back Door Panel & Glass,yes,,,
INT_4504_steering_wheel,Steering wheel assembly,عجلة القيادة (سكان),4504 Steering Wheel,yes,,,
INT_4601_parking_brake_lever,Parking brake lever sub-assembly (hand brake),ذراع فرامل اليد (الهاند بريك),4601 Parking Brake & Cable,yes,,,
INT_5551_center_cluster_finish_panel,Center cluster finish panel (radio bezel),إطار المسجل (اللوحة الوسطى للطبلون حول الراديو),5551 Instrument Panel & Glove Compartment,yes,,,
INT_5551_instrument_panel,Instrument Panel (dashboard),طبلون (لوحة القيادة),5551 Instrument Panel & Glove Compartment,yes,,,
INT_5854_floor_carpet,Floor Carpet Assy (moulded),موكيت أرضية السيارة,5854 Floor Mat & Silencer Pad,yes,,,
INT_5854_floor_mat_set,Floor mat set,طقم دواسات أرضية (فرش أرضية),5854 Floor Mat & Silencer Pad,yes,,,
INT_7151_front_seat_L,"Front Seat Assy, LH (driver)",مقعد أمامي يسار (كرسي السائق),7151 Seat & Seat Track,yes,,,
INT_7151_front_seat_R,"Front Seat Assy, RH (passenger)",مقعد أمامي يمين (كرسي الراكب),7151 Seat & Seat Track,yes,,,
INT_7151_front_seat_back_cover_L,"Front seat back cover, left (driver side)",تلبيسة ظهر المقعد الأمامي يسار (جهة السائق),7151 Seat & Seat Track,yes,,,
INT_7151_front_seat_back_cover_R,"Front seat back cover, right (passenger side)",تلبيسة ظهر المقعد الأمامي يمين (جهة الراكب),7151 Seat & Seat Track,yes,,,
INT_7151_front_seat_cushion_cover_L,"Front seat cushion cover, left (driver side)",تلبيسة قاعدة المقعد الأمامي يسار (جهة السائق),7151 Seat & Seat Track,yes,,,
INT_7151_front_seat_cushion_cover_R,"Front seat cushion cover, right (passenger side)",تلبيسة قاعدة المقعد الأمامي يمين (جهة الراكب),7151 Seat & Seat Track,yes,,,
INT_7151_rear_seat,"Rear Seat Assy, Second Row (Rear No.1)",مقعد خلفي، الصف الثاني,7151 Seat & Seat Track,yes,,,
INT_7151_rear_seat_back_cover_L,"Rear No.1 seat back cover, left (second row)",تلبيسة ظهر المقعد الخلفي يسار (الصف الثاني),7151 Seat & Seat Track,yes,,,
INT_7151_rear_seat_back_cover_R,"Rear No.1 seat back cover, right (second row)",تلبيسة ظهر المقعد الخلفي يمين (الصف الثاني),7151 Seat & Seat Track,yes,,,
INT_7151_rear_seat_cushion_cover_L,"Rear No.1 seat cushion cover, left (second row)",تلبيسة قاعدة المقعد الخلفي يسار (الصف الثاني),7151 Seat & Seat Track,yes,,,
INT_7151_rear_seat_cushion_cover_R,"Rear No.1 seat cushion cover, right (second row)",تلبيسة قاعدة المقعد الخلفي يمين (الصف الثاني),7151 Seat & Seat Track,yes,,,
INT_8301_combination_meter,Combination meter assembly (instrument cluster),مجموعة العدادات (عداد السرعة),8301 Meter,yes,,,
LIGHT_8101_headlamp_L,"Headlamp Assy, LH",مصباح أمامي يسار (ليت أمامي),8101 Headlamp,yes,,,
LIGHT_8101_headlamp_R,"Headlamp Assy, RH",مصباح أمامي يمين (ليت أمامي),8101 Headlamp,yes,,,
LIGHT_8101_headlamp_bulb_high_beam,"Bulb, Headlamp High Beam (halogen)",لمبة الليت الأمامي، نور عالي,8101 Headlamp,yes,,,
LIGHT_8101_headlamp_bulb_low_beam,"Bulb, Headlamp Low Beam (halogen)",لمبة الليت الأمامي، نور منخفض,8101 Headlamp,yes,,,
LIGHT_8102_front_fog_lamp_L,"Fog Lamp Assy, Front LH",كشاف ضباب أمامي يسار,8102 Fog Lamp,yes,,,
LIGHT_8102_front_fog_lamp_R,"Fog Lamp Assy, Front RH",كشاف ضباب أمامي يمين,8102 Fog Lamp,yes,,,
LIGHT_8103_front_turn_signal_lamp_L,"Front Turn Signal Lamp Assy, LH",إشارة أمامية يسار (زاوية),8103 Front Turn Signal Lamp,yes,,,
LIGHT_8103_front_turn_signal_lamp_R,"Front Turn Signal Lamp Assy, RH",إشارة أمامية يمين (زاوية),8103 Front Turn Signal Lamp,yes,,,
LIGHT_8106_side_turn_signal_lamp_L,"Side Turn Signal Lamp Assy, LH (front fender)",إشارة جانبية على الرفرف يسار,8106 Side Turn Signal Lamp & Outer Mirror Lamp,yes,,,
LIGHT_8106_side_turn_signal_lamp_R,"Side Turn Signal Lamp Assy, RH (front fender)",إشارة جانبية على الرفرف يمين,8106 Side Turn Signal Lamp & Outer Mirror Lamp,yes,,,
LIGHT_8111_rear_combination_lamp_L,"Rear Combination Lamp Assy, LH (tail light)",مصباح خلفي يسار (ستوب),8111 Rear Combination Lamp,yes,,,
LIGHT_8111_rear_combination_lamp_R,"Rear Combination Lamp Assy, RH (tail light)",مصباح خلفي يمين (ستوب),8111 Rear Combination Lamp,yes,,,
LIGHT_8113_license_plate_lamp,Rear License Plate Lamp Assy,مصباح لوحة الأرقام الخلفية,8113 Rear License Plate Lamp,yes,,,
LIGHT_8117_center_stop_lamp,Center Stop Lamp Assy (high mount brake light),مصباح الفرامل العلوي (ستوب علوي),8117 Center Stop Lamp,yes,,,
SUSP_4502_vane_pump,Vane Pump Assy (power steering pump),طرمبة الدركسون (مضخة التوجيه),4502 Vane Pump & Reservoir (Power Steering),yes,,,
SUSP_4505_idler_arm,Steering Idler Arm,ذراع التوجيه الوسيط,4505 Front Steering Gear & Link,no,,,
SUSP_4505_power_steering_gear,Power Steering Link Assy (rack and pinion steering gear),علبة الدركسون (رك التوجيه),4505 Front Steering Gear & Link,yes,,,
SUSP_4505_steering_damper,Steering Damper Assy,مساعد دركسون,4505 Front Steering Gear & Link,no,,,
SUSP_4505_steering_rack_end_L,"Steering Rack End (inner tie rod), LH",راس رك الدركسون الداخلي يسار,4505 Front Steering Gear & Link,yes,,,
SUSP_4505_steering_rack_end_R,"Steering Rack End (inner tie rod), RH",راس رك الدركسون الداخلي يمين,4505 Front Steering Gear & Link,yes,,,
SUSP_4505_tie_rod_end_L,Tie Rod End LH,طرف دركسون يسار,4505 Front Steering Gear & Link,yes,,,
SUSP_4505_tie_rod_end_R,Tie Rod End RH,طرف دركسون يمين,4505 Front Steering Gear & Link,yes,,,
SUSP_4802_front_lower_ball_joint_L,Front Lower Ball Joint Assy LH,رمانة المقص السفلي الأمامي يسار,4802 Front Axle Arm & Steering Knuckle,yes,,,
SUSP_4802_front_lower_ball_joint_R,Front Lower Ball Joint Assy RH,رمانة المقص السفلي الأمامي يمين,4802 Front Axle Arm & Steering Knuckle,yes,,,
SUSP_4802_front_suspension_lower_arm_L,Front Suspension Lower Arm Assy LH,مقص سفلي أمامي يسار,4802 Front Axle Arm & Steering Knuckle,yes,,,
SUSP_4802_front_suspension_lower_arm_R,Front Suspension Lower Arm Assy RH,مقص سفلي أمامي يمين,4802 Front Axle Arm & Steering Knuckle,yes,,,
SUSP_4802_front_suspension_lower_arm_bushing,Front Suspension Lower Arm Bushing Set,جلود المقص السفلي الأمامي (طقم),4802 Front Axle Arm & Steering Knuckle,yes,,,
SUSP_4802_front_suspension_upper_arm_L,Front Suspension Upper Arm Assy LH,مقص علوي أمامي يسار,4802 Front Axle Arm & Steering Knuckle,yes,,,
SUSP_4802_front_suspension_upper_arm_R,Front Suspension Upper Arm Assy RH,مقص علوي أمامي يمين,4802 Front Axle Arm & Steering Knuckle,yes,,,
SUSP_4802_front_suspension_upper_arm_bushing,Front Suspension Upper Arm Bushing Set,جلود المقص العلوي الأمامي (طقم),4802 Front Axle Arm & Steering Knuckle,yes,,,
SUSP_4802_front_upper_ball_joint_L,Front Upper Ball Joint LH,رمانة المقص العلوي الأمامي يسار,4802 Front Axle Arm & Steering Knuckle,yes,,,
SUSP_4802_front_upper_ball_joint_R,Front Upper Ball Joint RH,رمانة المقص العلوي الأمامي يمين,4802 Front Axle Arm & Steering Knuckle,yes,,,
SUSP_4803_front_coil_spring,Front Coil Spring,سستة أمامية,4803 Front Spring & Shock Absorber,no,,,
SUSP_4803_front_shock_absorber_L,Front Shock Absorber Assy LH,مساعد أمامي يسار,4803 Front Spring & Shock Absorber,yes,,,
SUSP_4803_front_shock_absorber_R,Front Shock Absorber Assy RH,مساعد أمامي يمين,4803 Front Spring & Shock Absorber,yes,,,
SUSP_4803_front_stabilizer_bar_bushing,Front Stabilizer Bar Bushing Set,جلود عمود التوازن الأمامي (طقم),4803 Front Spring & Shock Absorber,yes,,,
SUSP_4803_front_stabilizer_link_L,Front Stabilizer Link Assy LH,وصلة عمود التوازن الأمامي يسار,4803 Front Spring & Shock Absorber,yes,,,
SUSP_4803_front_stabilizer_link_R,Front Stabilizer Link Assy RH,وصلة عمود التوازن الأمامي يمين,4803 Front Spring & Shock Absorber,yes,,,
SUSP_4803_front_torsion_bar_spring_L,Front Torsion Bar Spring LH,قضيب تورشن أمامي يسار,4803 Front Spring & Shock Absorber,yes,,,
SUSP_4803_front_torsion_bar_spring_R,Front Torsion Bar Spring RH,قضيب تورشن أمامي يمين,4803 Front Spring & Shock Absorber,yes,,,
SUSP_4804_rear_coil_spring_L,Rear Coil Spring LH,سستة خلفية يسار,4804 Rear Spring & Shock Absorber,yes,,,
SUSP_4804_rear_coil_spring_R,Rear Coil Spring RH,سستة خلفية يمين,4804 Rear Spring & Shock Absorber,yes,,,
SUSP_4804_rear_lateral_control_rod_bushing,Rear Lateral Control Rod Bushing,جلبة ذراع التحكم الجانبي الخلفي (بانهارد),4804 Rear Spring & Shock Absorber,yes,,,
SUSP_4804_rear_shock_absorber_L,Rear Shock Absorber Assy LH,مساعد خلفي يسار,4804 Rear Spring & Shock Absorber,yes,,,
SUSP_4804_rear_shock_absorber_R,Rear Shock Absorber Assy RH,مساعد خلفي يمين,4804 Rear Spring & Shock Absorber,yes,,,
SUSP_4804_rear_stabilizer_bar_bushing,Rear Stabilizer Bar Bushing Set,جلود عمود التوازن الخلفي (طقم),4804 Rear Spring & Shock Absorber,yes,,,
SUSP_4804_rear_stabilizer_link_L,Rear Stabilizer Link Assy LH,وصلة عمود التوازن الخلفي يسار,4804 Rear Spring & Shock Absorber,yes,,,
SUSP_4804_rear_stabilizer_link_R,Rear Stabilizer Link Assy RH,وصلة عمود التوازن الخلفي يمين,4804 Rear Spring & Shock Absorber,yes,,,
TRANS_3101_clutch_cover,Clutch Cover (Pressure Plate),كفر الكلتش (صحن الضغط),3101 Clutch & Release Fork,yes,,,
TRANS_3101_clutch_disc,Clutch Disc,قرص الكلتش (ديسك),3101 Clutch & Release Fork,yes,,,
TRANS_3101_clutch_kit,"Clutch Kit (Disc, Cover, Release Bearing)",طقم كلتش كامل (قرص وكفر وبيرنق),3101 Clutch & Release Fork,yes,,,
TRANS_3101_clutch_release_bearing,Clutch Release Bearing,بيرنق الكلتش (بلية الدبرياج),3101 Clutch & Release Fork,yes,,,
TRANS_3103_clutch_master_cylinder,Clutch Master Cylinder,طرمبة الكلتش العلوية (الماستر),3103 Clutch Master Cylinder,yes,,,
TRANS_3105_clutch_release_cylinder,Clutch Release Cylinder (Slave),طرمبة الكلتش السفلية (السليف),3105 Clutch Release Cylinder,yes,,,
TRANS_3301_manual_transmission_assembly,"Manual Transmission Assy (H151F, 5 speed)",قير عادي كامل (ناقل الحركة اليدوي),3301 Transaxle Or Transmission Assy & Gasket Kit (Mtm),yes,,,
TRANS_3312_shift_lever,"Shift Lever Assy, 5 speed manual (floor shift)",ذراع تبديل السرعات (عصا القير) للقير العادي,3312 Shift Lever & Retainer,yes,,,
TRANS_3312_shift_lever_inner_boot,Shift Lever Inner Dust Boot (rubber),جلدة القير الداخلية (مطاط),3312 Shift Lever & Retainer,yes,,,
TRANS_3312_shift_lever_knob,Shift Lever Knob (5 speed pattern),رأس عصا القير (مقبض القير),3312 Shift Lever & Retainer,yes,,,
TRANS_3608_transfer_assembly,Transfer Assy (transfer case),علبة الدبل (صندوق التحويل),3608 Transfer Assembly & Gasket Kit,yes,,,
TRANS_5855_shift_lever_boot,Shift Lever Boot,جلدة عصا القير,5855 Console Box & Bracket,yes,,,
TRANS_5855_transfer_shift_lever_boot,Transfer Shift Lever Boot,جلدة عصا الدبل (ناقل الحركة الرباعي),5855 Console Box & Bracket,yes,,,
TRIM_7551_back_door_emblem,Back Door Emblem (Toyota),شعار تويوتا على الباب الخلفي,7551 Emblem & Name Plate,yes,,,
TRIM_7551_back_door_garnish,Back Door Garnish / Name Plate with LAND CRUISER Lettering,كروم الباب الخلفي مع كتابة لاندكروزر,7551 Emblem & Name Plate,yes,,,
TRIM_7551_front_emblem,Radiator Grille Emblem (Toyota),شعار تويوتا على الشبك الأمامي,7551 Emblem & Name Plate,yes,,,
TRIM_7551_grade_badge,"Grade Emblem (G), Back Door",شعار الفئة G على الباب الخلفي,7551 Emblem & Name Plate,yes,,,
TRIM_7551_quarter_badge_L,"Name Plate 4500 EFI, Quarter Panel LH",شعار 4500 EFI على الجانب الخلفي يسار,7551 Emblem & Name Plate,yes,,,
TRIM_7551_quarter_badge_R,"Name Plate 4500 EFI, Quarter Panel RH",شعار 4500 EFI على الجانب الخلفي يمين,7551 Emblem & Name Plate,yes,,,
TRIM_7552_front_fender_wheel_opening_moulding_L,"Front Fender Wheel Opening Moulding (over fender), LH",توسعة رفرف أمامي يسار (أوفر فندر),7552 Moulding,no,,,
TRIM_7552_front_fender_wheel_opening_moulding_R,"Front Fender Wheel Opening Moulding (over fender), RH",توسعة رفرف أمامي يمين (أوفر فندر),7552 Moulding,no,,,
TRIM_7552_quarter_wheel_opening_moulding_L,"Quarter Panel Wheel Opening Moulding (over fender), LH",توسعة رفرف خلفي يسار (أوفر فندر),7552 Moulding,no,,,
TRIM_7552_quarter_wheel_opening_moulding_R,"Quarter Panel Wheel Opening Moulding (over fender), RH",توسعة رفرف خلفي يمين (أوفر فندر),7552 Moulding,no,,,
TRIM_7553_body_stripe_set,Body Stripe Set (side decals),ستيكر خطوط جانبية (طقم),7553 Body Stripe,yes,,,
WHEEL_0000_tire_front_L,"Tire 275/70R16, Front LH",تاير 275/70R16 أمامي يسار,0000,yes,,,
WHEEL_0000_tire_front_R,"Tire 275/70R16, Front RH",تاير 275/70R16 أمامي يمين,0000,yes,,,
WHEEL_0000_tire_rear_L,"Tire 275/70R16, Rear LH",تاير 275/70R16 خلفي يسار,0000,yes,,,
WHEEL_0000_tire_rear_R,"Tire 275/70R16, Rear RH",تاير 275/70R16 خلفي يمين,0000,yes,,,
WHEEL_0000_wheel_assembly_front_L,"Wheel and Tire Assembly, Front LH",رنج مع تاير كامل أمامي يسار,0000,yes,,,
WHEEL_0000_wheel_assembly_front_R,"Wheel and Tire Assembly, Front RH",رنج مع تاير كامل أمامي يمين,0000,yes,,,
WHEEL_0000_wheel_assembly_rear_L,"Wheel and Tire Assembly, Rear LH",رنج مع تاير كامل خلفي يسار,0000,yes,,,
WHEEL_0000_wheel_assembly_rear_R,"Wheel and Tire Assembly, Rear RH",رنج مع تاير كامل خلفي يمين,0000,yes,,,
WHEEL_4103_disc_wheel_front_L,"Disc Wheel, Aluminium 16 inch, Front LH",رنج ألمنيوم 16 إنش أمامي يسار,4103 Disc Wheel & Wheel Cap,yes,,,
WHEEL_4103_disc_wheel_front_R,"Disc Wheel, Aluminium 16 inch, Front RH",رنج ألمنيوم 16 إنش أمامي يمين,4103 Disc Wheel & Wheel Cap,yes,,,
WHEEL_4103_disc_wheel_rear_L,"Disc Wheel, Aluminium 16 inch, Rear LH",رنج ألمنيوم 16 إنش خلفي يسار,4103 Disc Wheel & Wheel Cap,yes,,,
WHEEL_4103_disc_wheel_rear_R,"Disc Wheel, Aluminium 16 inch, Rear RH",رنج ألمنيوم 16 إنش خلفي يمين,4103 Disc Wheel & Wheel Cap,yes,,,
